first_peak,second_peak,second_last_peak,last_peak,first_peak_2,second_peak_2,second_last_peak_2,last_peak_2,second_peak,1-hot-first,1-hot-last,Gradient_1,1-hot-first_2,1-hot_last_2,Gradient_2,1-hot_second,1-hot_second_peak_2,1-hot_second_last,1-hot_second_last_2,first_peak_differential,last_peak_differential,direction
3.314819065,0.048963354,3.970928009,1.983015837,4.112921735,0.014689006,0.381914161,3.398056767,0.048963354,1,0,1,1,1,0,0,0,1,0,1,1,right
3.447020121,0.097926708,0.235024099,3.334404407,0.661005279,4.112921735,4.112921735,1.547241986,0.097926708,1,1,1,0,0,1,0,1,0,1,0,0,left
3.447020121,0.048963354,3.873001301,1.992808507,3.300130059,0.034274348,1.111468136,2.986764593,0.048963354,1,0,1,1,1,0,0,0,1,0,1,1,right
3.544946829,0.12730472,0.093030373,3.285441053,1.091882794,4.112921735,4.112921735,1.488485961,0.12730472,1,1,0,0,0,1,0,1,0,1,0,0,left
3.114069314,0.685486956,3.995409686,1.997704843,3.353989748,1.17022416,0.847066024,3.202203351,0.685486956,1,0,1,1,1,0,0,0,1,0,1,1,right
